id,name,mail,department_id
1,test,test1@test.com,1
2,,test2@test.com,1
3,test,,1
4,test,test4@test.com,
5,test,test5@test.com,1
6,test,test6@test.com,1
7,test,test7@test.com,1
8,test,test8@test.com,1
9,test,test9@test.com,1
10,test,test10@test.com,1
11,test,test11@test.com,1
12,test,test12@test.com,1
13,test,test13@test.com,1
14,test,test14@test.com,1
15,test,test15@test.com,1
16,test,test16@test.com,1
17,test,test17@test.com,1
18,test,test18@test.com,1
19,test,test19@test.com,1
20,test,test20@test.com,1
21,test,test21@test.com,1
22,test,test22@test.com,1
23,test,test23@test.com,1
24,test,test24@test.com,1
25,test,test25@test.com,1
26,test,test26@test.com,1
27,test,test27@test.com,1
28,test,test28@test.com,1
29,test,test29@test.com,1
30,test,test30@test.com,1
31,test,test31@test.com,1
32,test,test32@test.com,1
33,test,test33@test.com,1
34,test,test34@test.com,1
35,test,test35@test.com,1
36,test,test36@test.com,1
37,test,test37@test.com,1
38,test,test38@test.com,1
39,test,test39@test.com,1
40,test,test40@test.com,1
41,test,test41@test.com,1
42,test,test42@test.com,1
43,test,test43@test.com,1
44,test,test44@test.com,1
45,test,test45@test.com,1
46,test,test46@test.com,1
47,test,test47@test.com,1
48,test,test48@test.com,1
49,test,test49@test.com,1
50,test,test50@test.com,1
51,test,test51@test.com,1
52,test,test52@test.com,1
53,test,test53@test.com,1
54,test,test54@test.com,1
55,test,test55@test.com,1
56,test,test56@test.com,1
57,test,test57@test.com,1
58,test,test58@test.com,1
59,test,test59@test.com,1
60,test,test60@test.com,1
61,test,test61@test.com,1
62,test,test62@test.com,1
63,test,test63@test.com,1
64,test,test64@test.com,1
65,test,test65@test.com,1
66,test,test66@test.com,1
67,test,test67@test.com,1
68,test,test68@test.com,1
69,test,test69@test.com,1
70,test,test70@test.com,1
71,test,test71@test.com,1
72,test,test72@test.com,1
73,test,test73@test.com,1
74,test,test74@test.com,1
75,test,test75@test.com,1
76,test,test76@test.com,1
77,test,test77@test.com,1
78,test,test78@test.com,1
79,test,test79@test.com,1
80,test,test80@test.com,1
81,test,test81@test.com,1
82,test,test82@test.com,1
83,test,test83@test.com,1
84,test,test84@test.com,1
85,test,test85@test.com,1
86,test,test86@test.com,1
87,test,test87@test.com,1
88,test,test88@test.com,1
89,test,test89@test.com,1
90,test,test90@test.com,1
91,test,test91@test.com,1
92,test,test92@test.com,1
93,test,test93@test.com,1
94,test,test94@test.com,1
95,test,test95@test.com,1
96,test,test96@test.com,1
97,test,test97@test.com,1
98,test,test98@test.com,1
99,test,test99@test.com,1
100,test,test100@test.com,1
101,test,test101@test.com,1
102,test,test102@test.com,1
103,test,test103@test.com,1
104,test,test104@test.com,1
105,test,test105@test.com,1
106,test,test106@test.com,1
107,test,test107@test.com,1
108,test,test108@test.com,1
109,test,test109@test.com,1
110,test,test110@test.com,1
111,test,test111@test.com,1
112,test,test112@test.com,1
113,test,test113@test.com,1
114,test,test114@test.com,1
115,test,test115@test.com,1
116,test,test116@test.com,1
117,test,test117@test.com,1
118,test,test118@test.com,1
119,test,test119@test.com,1
120,test,test120@test.com,1
121,test,test121@test.com,1
122,test,test122@test.com,1
123,test,test123@test.com,1
124,test,test124@test.com,1
125,test,test125@test.com,1
126,test,test126@test.com,1
127,test,test127@test.com,1
128,test,test128@test.com,1
129,test,test129@test.com,1
130,test,test130@test.com,1
131,test,test131@test.com,1
132,test,test132@test.com,1
133,test,test133@test.com,1
134,test,test134@test.com,1
135,test,test135@test.com,1
136,test,test136@test.com,1
137,test,test137@test.com,1
138,test,test138@test.com,1
139,test,test139@test.com,1
140,test,test140@test.com,1
141,test,test141@test.com,1
142,test,test142@test.com,1
143,test,test143@test.com,1
144,test,test144@test.com,1
145,test,test145@test.com,1
146,test,test146@test.com,1
147,test,test147@test.com,1
148,test,test148@test.com,1
149,test,test149@test.com,1
150,test,test150@test.com,1
151,test,test151@test.com,1
152,test,test152@test.com,1
153,test,test153@test.com,1
154,test,test154@test.com,1
155,test,test155@test.com,1
156,test,test156@test.com,1
157,test,test157@test.com,1
158,test,test158@test.com,1
159,test,test159@test.com,1
160,test,test160@test.com,1
161,test,test161@test.com,1
162,test,test162@test.com,1
163,test,test163@test.com,1
164,test,test164@test.com,1
165,test,test165@test.com,1
166,test,test166@test.com,1
167,test,test167@test.com,1
168,test,test168@test.com,1
169,test,test169@test.com,1
170,test,test170@test.com,1
171,test,test171@test.com,1
172,test,test172@test.com,1
173,test,test173@test.com,1
174,test,test174@test.com,1
175,test,test175@test.com,1
176,test,test176@test.com,1
177,test,test177@test.com,1
178,test,test178@test.com,1
179,test,test179@test.com,1
180,test,test180@test.com,1
181,test,test181@test.com,1
182,test,test182@test.com,1
183,test,test183@test.com,1
184,test,test184@test.com,1
185,test,test185@test.com,1
186,test,test186@test.com,1
187,test,test187@test.com,1
188,test,test188@test.com,1
189,test,test189@test.com,1
190,test,test190@test.com,1
191,test,test191@test.com,1
192,test,test192@test.com,1
193,test,test193@test.com,1
194,test,test194@test.com,1
195,test,test195@test.com,1
196,test,test196@test.com,1
197,test,test197@test.com,1
198,test,test198@test.com,1
199,test,test199@test.com,1
200,test,test200@test.com,1
